customer_id,name,email,phone,address,birthdate
gwilcot59565,Gerri Wilcot,gerri.wilcot@aol.com,(561) 940-2416,"3942 Dipietro Lane, Lake Worth, Florida, United States, 33467",2024-08-30T03:47:56+00:00
mwillford10697,Marion Willford,marion.willford@hotmail.fr,(314) 235-5786,"8127 Interlochen Road, Saint Louis, Missouri, United States, 63167",2024-09-05T11:48:02+00:00
xcauston31600,Ximenez Causton,ximenez.causton@hotmail.com,(915) 568-2202,"12712 Salido Avenue, El Paso, Texas, United States, 79955",2024-04-13T06:29:03+00:00
vjenkyn16984,Violetta Jenkyn,violetta.jenkyn@aol.com,(505) 845-3590,"9112 Piney Woods Path, Las Cruces, New Mexico, United States, 88006",2023-10-16T07:31:55+00:00
hkinnach9563,Hetti Kinnach,hetti.kinnach@yandex.ru,(734) 541-5148,"7302 Santa Rosa Court, Ann Arbor, Michigan, United States, 48107",2023-11-17T07:47:44+00:00
mminors7639,Martina Minors,martina.minors@yahoo.in,(727) 372-9366,"3625 Crestview Street, Clearwater, Florida, United States, 34629",2024-09-15T11:50:05+00:00
bbriscam30669,Basil Briscam,basil.briscam@yahoo.com,(703) 847-9104,"14124 Cayce Place, Reston, Virginia, United States, 20195",2024-08-16T11:47:43+00:00
mrobinson46891,Michale Robinson,michale.robinson@earthlink.net,(985) 958-2856,"6747 Banberry Run, New Orleans, Louisiana, United States, 70124",2024-03-24T04:41:44+00:00
sritmeyer27352,Shellysheldon Ritmeyer,shellysheldon.ritmeyer@hotmail.com,(614) 511-8488,"10524 Emmalee Place, Columbus, Ohio, United States, 43284",2024-05-12T23:29:19+00:00
ao'dowd42883,Abbe O'Dowd,abbe.o'dowd@yahoo.com,(302) 517-0701,"3478 Bellamy Lane, Wilmington, Delaware, United States, 19810",2024-10-03T01:21:35+00:00
fambrosini35771,Flori Ambrosini,flori.ambrosini@hotmail.com,(310) 388-9187,"2277 Del Mar Drive, Santa Monica, California, United States, 90405",2023-12-11T13:04:45+00:00
fmanjin31370,Frayda Manjin,frayda.manjin@hotmail.com,(704) 528-6441,"8680 Cree Court, Winston Salem, North Carolina, United States, 27105",2024-07-17T14:04:05+00:00
nbreydin9693,Neely Breydin,neely.breydin@aliceadsl.fr,(941) 681-5706,"3532 Graves Place, Bonita Springs, Florida, United States, 34135",2023-11-04T05:45:51+00:00
dmattersey58120,Dilly Mattersey,dilly.mattersey@hotmail.com,(901) 030-2035,"11972 Carvello Drive, Memphis, Tennessee, United States, 38168",2024-04-28T13:25:44+00:00
lfowkes58535,Lanette Fowkes,lanette.fowkes@hotmail.com,(801) 633-2618,"13747 Clinton Court, Salt Lake City, Utah, United States, 84105",2023-12-28T16:07:31+00:00
usemmence30469,Ursa Semmence,ursa.semmence@hotmail.com,(770) 285-3374,"5078 Luckett Court, Lawrenceville, Georgia, United States, 30245",2023-10-10T12:41:00+00:00
esporrij37298,Erhard Sporrij,erhard.sporrij@gmail.com,(202) 513-9535,"3304 Chatham Avenue, Washington, District of Columbia, United States, 20442",2023-12-16T08:21:49+00:00
iwent63202,Irv Went,irv.went@gmail.com,(910) 441-9469,"8529 Ortega Way, Fayetteville, North Carolina, United States, 28314",2024-05-12T16:54:23+00:00
nbartalini21250,Noel Bartalini,noel.bartalini@yahoo.com,(918) 388-1931,"10905 Usher Place, Tulsa, Oklahoma, United States, 74133",2024-07-12T12:19:16+00:00
tsmorfit51548,Tades Smorfit,tades.smorfit@yahoo.com,(518) 752-0063,"9369 Jenkins Court, Albany, New York, United States, 12222",2024-01-03T07:29:37+00:00
jtirrey22943,Jeromy Tirrey,jeromy.tirrey@neuf.fr,(916) 737-5818,"1707 Modoc Lane, Sacramento, California, United States, 94273",2024-08-01T11:26:53+00:00
hschirak15647,Hyacinth Schirak,hyacinth.schirak@yahoo.com,(319) 165-5488,"5386 Astor Way, Iowa City, Iowa, United States, 52245",2024-04-20T23:30:32+00:00
cdeer10757,Chrisy Deer,chrisy.deer@ymail.com,(915) 140-8796,"12687 Sagamore Street, El Paso, Texas, United States, 79940",2024-08-25T09:46:26+00:00
mnys5525,Marna Nys,marna.nys@voila.fr,(214) 937-7626,"12180 Jeff Anderson Way, Arlington, Texas, United States, 76011",2024-09-22T14:40:37+00:00
bmarshman17132,Burt Marshman,burt.marshman@live.fr,(661) 922-3055,"831 Hartsville Trail, Bakersfield, California, United States, 93381",2023-10-25T07:14:44+00:00
asoper3041,Alden Soper,alden.soper@gmail.com,(612) 193-4584,"7723 Whiting Way, Minneapolis, Minnesota, United States, 55470",2023-11-03T19:15:19+00:00
lmcgraith33116,Lulu McGraith,lulu.mcgraith@yahoo.com,(314) 843-8246,"8127 Dragon Place, Saint Louis, Missouri, United States, 63167",2024-09-14T00:14:30+00:00
lfoye12797,Lisbeth Foye,lisbeth.foye@yahoo.com.br,(202) 367-0596,"3439 Alzarine Terrace, Washington, District of Columbia, United States, 20599",2024-01-11T05:45:24+00:00
sblakeston41617,Sophey Blakeston,sophey.blakeston@yahoo.com,(859) 818-8035,"6459 Seyler Street, Lexington, Kentucky, United States, 40591",2024-06-06T22:10:34+00:00
mridge40007,Mindy Ridge,mindy.ridge@hotmail.com,(571) 694-5689,"14050 Estafana Way, Merrifield, Virginia, United States, 22119",2024-01-01T09:49:38+00:00
uparsisson38859,Udall Parsisson,udall.parsisson@yandex.ru,(615) 152-6606,"5594 Amanda Terrace, Nashville, Tennessee, United States, 37220",2024-05-16T18:13:23+00:00
wgarment50458,Winny Garment,winny.garment@gmx.de,(215) 516-7672,"2673 Ruthie Road, Philadelphia, Pennsylvania, United States, 19131",2024-10-02T15:08:20+00:00
ggelsthorpe17051,Gilberte Gelsthorpe,gilberte.gelsthorpe@web.de,(903) 870-5591,"12036 Quaint Court, Tyler, Texas, United States, 75705",2024-08-29T06:53:15+00:00
sarnald40787,Sunshine Arnald,sunshine.arnald@uol.com.br,(915) 668-8704,"11289 De Lancy Lane, El Paso, Texas, United States, 79968",2024-07-17T09:58:49+00:00
shaydney26152,Sande Haydney,sande.haydney@verizon.net,(209) 756-0558,"5835 Durango Drive, Fresno, California, United States, 93726",2024-07-17T16:04:56+00:00
ldevin50891,Letti Devin,letti.devin@gmail.com,(312) 445-1996,"13658 Mi Tierra Way, Chicago, Illinois, United States, 60646",2024-06-27T02:19:10+00:00
cgalvan46903,Cathlene Galvan,cathlene.galvan@free.fr,(228) 682-7416,"12724 Norcoose Road, Biloxi, Mississippi, United States, 39534",2024-02-21T20:44:45+00:00
ale blond42950,Anthe Le Blond,anthe.le blond@gmail.com,(407) 530-4377,"984 Bedford Way, Orlando, Florida, United States, 32854",2024-09-08T13:12:20+00:00
cobal25840,Clarice Obal,clarice.obal@att.net,(425) 782-0720,"5587 Pinekot Court, Bellevue, Washington, United States, 98008",2024-05-21T20:21:04+00:00
ebrennand58868,Emmi Brennand,emmi.brennand@aol.com,(941) 685-6974,"8227 Notch Avenue, Sarasota, Florida, United States, 34238",2023-10-16T11:21:22+00:00
hczapla40156,Honoria Czapla,honoria.czapla@yahoo.com,(407) 293-3559,"4285 Willow Grove Way, Orlando, Florida, United States, 32868",2024-07-14T14:51:11+00:00
ashillito25297,Allina Shillito,allina.shillito@gmail.com,(713) 022-2192,"14398 Amberjack Terrace, Houston, Texas, United States, 77085",2024-03-26T12:07:22+00:00
dpoytres1652,Danell Poytres,danell.poytres@yandex.ru,(915) 864-8372,"4528 Russell Loop, El Paso, Texas, United States, 79977",2024-08-24T10:16:25+00:00
mbenthall43638,Mildred Benthall,mildred.benthall@yahoo.com,(612) 887-7516,"4300 Juarez Place, Minneapolis, Minnesota, United States, 55428",2023-10-26T20:51:09+00:00
ldent53909,Levi Dent,levi.dent@hotmail.com,(318) 248-5846,"13137 Mystic Way, Alexandria, Louisiana, United States, 71307",2024-06-06T05:03:53+00:00
pkeddle7471,Philippine Keddle,philippine.keddle@gmail.com,(773) 962-4681,"12733 Argyll Street, Chicago, Illinois, United States, 60604",2024-04-15T18:21:54+00:00
bduke43184,Bartholomeo Duke,bartholomeo.duke@hotmail.com,(714) 323-3844,"7682 Margarita Drive, Fullerton, California, United States, 92835",2023-10-18T08:03:48+00:00
rboken56967,Reg Boken,reg.boken@yahoo.com,(320) 469-0146,"1297 Anniston Drive, Saint Cloud, Minnesota, United States, 56372",2024-02-01T14:06:59+00:00
amccaster32232,Ambrose McCaster,ambrose.mccaster@yahoo.es,(239) 601-1878,"6592 Carrabella Terrace, Fort Myers, Florida, United States, 33913",2024-02-15T20:19:52+00:00
cmatijasevic10905,Collete Matijasevic,collete.matijasevic@bellsouth.net,(414) 387-2348,"5523 Lockhart Avenue, Milwaukee, Wisconsin, United States, 53263",2024-02-29T05:16:38+00:00
fkain31332,Fey Kain,fey.kain@hotmail.fr,(425) 192-5709,"1053 Antonia Place, Seattle, Washington, United States, 98115",2024-03-25T12:42:04+00:00
mmacauley50148,Mauricio Macauley,mauricio.macauley@hotmail.com,(858) 414-2923,"7775 Suffield Street, San Diego, California, United States, 92145",2023-11-01T04:30:31+00:00
vcottom57841,Viviana Cottom,viviana.cottom@hotmail.co.uk,(801) 706-9138,"3743 Olanta Drive, Salt Lake City, Utah, United States, 84125",2023-10-16T08:07:32+00:00
rvassbender57545,Rees Vassbender,rees.vassbender@cox.net,(217) 600-5500,"14816 Pam Place, Springfield, Illinois, United States, 62756",2024-10-02T06:22:23+00:00
jkyne58946,Jakob Kyne,jakob.kyne@hotmail.com,(202) 143-0449,"14461 San Saba Court, Washington, District of Columbia, United States, 20566",2024-05-19T11:29:52+00:00
ggarbutt59395,Grenville Garbutt,grenville.garbutt@hotmail.com,(616) 329-6349,"1914 Santa Maria Avenue, Grand Rapids, Michigan, United States, 49560",2024-09-30T14:27:14+00:00
bneicho20128,Becka Neicho,becka.neicho@hotmail.com,(315) 512-1298,"13782 Haretison Avenue, Syracuse, New York, United States, 13210",2024-02-26T08:39:13+00:00
mbenallack151,Maurene Benallack,maurene.benallack@yahoo.com,(516) 670-0191,"5830 Evelynton Loop, Jamaica, New York, United States, 11407",2023-10-11T19:17:39+00:00
ckierans37648,Chantal Kierans,chantal.kierans@yahoo.com,(573) 544-9494,"3406 Wielenga Place, Jefferson City, Missouri, United States, 65110",2024-06-14T01:35:21+00:00
jbackson34428,Julianna Backson,julianna.backson@hotmail.com,(630) 202-2931,"7473 Bugala Lane, Naperville, Illinois, United States, 60567",2024-04-27T19:11:35+00:00
cmeachen52260,Clarissa Meachen,clarissa.meachen@yahoo.com,(917) 570-6497,"10124 Gaylark Avenue, Bronx, New York, United States, 10459",2024-05-01T04:35:07+00:00
nsemeniuk8533,Nikolia Semeniuk,nikolia.semeniuk@gmail.com,(518) 316-4159,"9663 Oak Lane, Schenectady, New York, United States, 12305",2024-03-01T12:35:42+00:00
ktaylo52662,Kele Taylo,kele.taylo@msn.com,(269) 339-9987,"7938 Wayside Place, Battle Creek, Michigan, United States, 49018",2024-08-15T04:16:13+00:00
hathelstan22743,Hurley Athelstan,hurley.athelstan@hotmail.com,(336) 258-5893,"5706 Okefenokee Terrace, Greensboro, North Carolina, United States, 27415",2024-08-25T21:26:34+00:00
pmaccaughey37694,Padriac MacCaughey,padriac.maccaughey@hotmail.com,(234) 960-0689,"9444 Norfolk Avenue, Akron, Ohio, United States, 44393",2024-09-24T06:04:38+00:00
dtattershall12774,Desiri Tattershall,desiri.tattershall@yahoo.com,(719) 667-5064,"10082 Creekside Circle, Colorado Springs, Colorado, United States, 80951",2023-12-01T22:49:05+00:00
shillin23640,Samson Hillin,samson.hillin@hotmail.com,(806) 940-6459,"7315 Whittington Circle, Lubbock, Texas, United States, 79491",2023-11-07T12:47:02+00:00
wivain47239,Wallache Ivain,wallache.ivain@gmail.com,(559) 252-3256,"8561 Mandrake Street, Fresno, California, United States, 93750",2024-06-03T01:15:12+00:00
bamort50849,Blanca Amort,blanca.amort@gmail.com,(202) 269-6794,"10227 Opal Court, Washington, District of Columbia, United States, 20062",2024-09-04T19:38:18+00:00
fpiner36812,Francine Piner,francine.piner@gmail.com,(480) 006-3269,"2555 Silver Oak Avenue, Chandler, Arizona, United States, 85246",2023-11-24T11:30:48+00:00
nschoolfield23610,Northrop Schoolfield,northrop.schoolfield@hotmail.fr,(202) 888-0456,"13409 Francisco Street, Washington, District of Columbia, United States, 20062",2024-03-16T17:53:12+00:00
kcozins762,Kelly Cozins,kelly.cozins@hotmail.com,(719) 582-5426,"995 Hook Hollow Terrace, Colorado Springs, Colorado, United States, 80940",2023-10-29T01:11:40+00:00
ejeppensen56330,Elysha Jeppensen,elysha.jeppensen@yahoo.com,(407) 996-2571,"3054 Judith Lane, Kissimmee, Florida, United States, 34745",2024-08-22T17:02:15+00:00
swerlock57148,Selena Werlock,selena.werlock@msn.com,(718) 778-9330,"465 Methvin Street, Brooklyn, New York, United States, 11231",2024-01-19T22:18:52+00:00
vpetkens5663,Vite Petkens,vite.petkens@yahoo.com,(361) 747-2243,"3055 Emporia Place, Corpus Christi, Texas, United States, 78405",2024-06-23T11:00:16+00:00
mlyttle17579,Mayne Lyttle,mayne.lyttle@uol.com.br,(704) 616-6591,"6307 Ranchwood Terrace, Charlotte, North Carolina, United States, 28299",2023-12-24T03:28:49+00:00
hgrimsell39803,Holt Grimsell,holt.grimsell@neuf.fr,(214) 975-4285,"2543 Hollyoak Way, Dallas, Texas, United States, 75287",2023-11-28T09:42:31+00:00
egodsafe5215,Egon Godsafe,egon.godsafe@comcast.net,(404) 977-2868,"3928 Clover Court, Gainesville, Georgia, United States, 30506",2024-01-01T08:22:25+00:00
tibanez52724,Trudi Ibanez,trudi.ibanez@yahoo.com,(407) 249-7265,"9509 Mcnair Terrace, Orlando, Florida, United States, 32854",2023-11-21T05:37:55+00:00
ghylden29485,Georgianne Hylden,georgianne.hylden@yahoo.com,(860) 668-6009,"12368 Dellano Way, Hartford, Connecticut, United States, 06140",2024-02-07T03:19:16+00:00
afoord48078,Alayne Foord,alayne.foord@yahoo.com,(850) 133-3036,"8492 Waycross Place, Pensacola, Florida, United States, 32505",2024-02-26T01:32:04+00:00
mhuison19259,Madelon Huison,madelon.huison@gmail.com,(540) 554-7943,"12533 Urbane Place, Roanoke, Virginia, United States, 24040",2024-02-20T18:01:47+00:00
hharcus5639,Helenka Harcus,helenka.harcus@yahoo.com,(502) 395-1699,"5062 Malmaison Street, Frankfort, Kentucky, United States, 40618",2024-01-08T23:41:02+00:00
callawy30812,Clayson Allawy,clayson.allawy@hotmail.com,(612) 393-0842,"4285 Silvana Way, Minneapolis, Minnesota, United States, 55458",2024-03-12T02:42:17+00:00
mranklin22748,Meredith Ranklin,meredith.ranklin@yahoo.com,(513) 170-0909,"2823 Mack Street, Cincinnati, Ohio, United States, 45223",2023-11-17T15:09:43+00:00
fmcnay9736,Farah McNay,farah.mcnay@aol.com,(253) 607-6777,"4349 Canary Place, Tacoma, Washington, United States, 98417",2024-09-30T17:46:52+00:00
kedland28147,Katrinka Edland,katrinka.edland@gmail.com,(254) 966-9406,"14304 Foust Place, Waco, Texas, United States, 76705",2024-01-14T15:08:06+00:00
estook35965,Enrique Stook,enrique.stook@gmail.com,(571) 096-5353,"6381 Ternberry Forest Drive, Arlington, Virginia, United States, 22217",2024-08-04T11:29:42+00:00
ibedells11739,Irving Bedells,irving.bedells@yahoo.com,(804) 767-1722,"7712 Parker Place, Richmond, Virginia, United States, 23225",2024-06-02T01:40:45+00:00
tcallaby29115,Thorin Callaby,thorin.callaby@yahoo.com,(225) 170-4951,"10294 Mallard Lane, Baton Rouge, Louisiana, United States, 70826",2024-02-20T11:57:58+00:00
atrevaskus17441,Arny Trevaskus,arny.trevaskus@wanadoo.fr,(801) 352-9568,"14610 Robles Avenue, Salt Lake City, Utah, United States, 84170",2024-07-18T17:17:54+00:00
wberntssen57023,Winnie Berntssen,winnie.berntssen@aol.com,(619) 471-4364,"13683 Carvello Drive, San Diego, California, United States, 92137",2024-04-03T20:08:28+00:00
kperkins4803,Kerri Perkins,kerri.perkins@gmail.com,(601) 405-6414,"14623 Fontaine Street, Jackson, Mississippi, United States, 39296",2024-07-24T07:15:41+00:00
rpatillo29407,Rosella Patillo,rosella.patillo@gmail.com,(217) 563-5375,"13908 Mcdowell Drive, Springfield, Illinois, United States, 62756",2023-10-16T00:52:56+00:00
sgehrels51850,Stanleigh Gehrels,stanleigh.gehrels@gmail.com,(413) 398-8956,"3738 Avon Loop, Springfield, Massachusetts, United States, 01152",2024-03-12T10:31:28+00:00
mgolding17577,Minerva Golding,minerva.golding@skynet.be,(319) 116-7526,"14205 Bedminster Way, Iowa City, Iowa, United States, 52245",2023-11-25T07:58:46+00:00
mastles46857,Mirna Astles,mirna.astles@hotmail.com,(205) 140-3374,"6633 Seiver Street, Birmingham, Alabama, United States, 35215",2023-12-24T02:18:08+00:00
lheadington53377,Lizette Headington,lizette.headington@yahoo.com,(215) 198-1812,"13824 Jupiter Way, Philadelphia, Pennsylvania, United States, 19136",2024-02-08T09:34:35+00:00
ealekseev25254,Eula Alekseev,eula.alekseev@uol.com.br,(718) 481-2147,"1910 Carriage Hill Way, Bronx, New York, United States, 10464",2024-08-02T06:33:33+00:00
lupstell101,Lil Upstell,lil.upstell@hotmail.com,(212) 391-8375,"8297 Arjay Court, New York City, New York, United States, 10203",2024-04-18T03:16:15+00:00
